{
  "Taircuz": 130355.65122595878,
  "Ovam": 123951.37059420343,
  "Iawfku": 15142.166239078722,
  "Buiqal": 63251,
  "Aceyhdn": 221029,
  "Cxye": 128565.67200521668,
  "Aedz": 130355.65122595878,
  "Rsyag": 123951.37059420343,
  "Kponi": 15142.166239078722,
  "Uzxyib": 63251,
  "Ylfgeo": 221029,
  "Hjaenwy": 128565.67200521668,
  "Byrzpau": 130355.65122595878,
  "Ixzrbao": 123951.37059420343,
  "Nvui": 15142.166239078722
}